customer_id,tenure_months,monthly_spend,support_tickets,last_login_days,plan_type,region,churned,annual_revenue
10001,39,176.11,1,39,Standard,West,0,2113.32
10002,52,74.24,2,66,Basic,South,0,890.88
10003,29,103.3,1,24,Standard,Northeast,0,1239.6
10004,15,135.71,4,108,Standard,Midwest,1,1628.52
10005,43,137.0,1,101,Basic,Midwest,0,1644.0
10006,8,229.21,0,108,Premium,South,1,2750.52
10007,21,24.8,0,54,Basic,South,0,297.6
10008,39,221.26,1,83,Premium,Northeast,0,2655.12
10009,58,216.52,3,51,Basic,West,0,2598.24
10010,19,103.0,5,43,Basic,Midwest,0,1236.0
10011,23,115.54,2,108,Basic,Midwest,0,1386.48
10012,11,122.68,1,97,Basic,Northeast,1,1472.16
10013,11,36.38,1,84,Basic,Northeast,1,436.56
10014,24,162.36,2,55,Standard,South,0,1948.32
10015,53,116.9,1,54,Standard,South,0,1402.8
10016,36,24.14,1,111,Standard,West,1,289.68
10017,40,192.5,3,86,Basic,Northeast,1,2310.0
10018,24,58.0,4,69,Standard,West,1,696.0
10019,3,148.16,1,114,Basic,Northeast,0,1777.92
10020,22,80.86,1,116,Standard,Midwest,0,970.32
10021,53,40.6,2,76,Basic,Northeast,0,487.2
10022,2,117.98,2,112,Premium,Northeast,0,1415.76
10023,24,80.83,1,86,Standard,Midwest,0,969.96
10024,44,88.04,2,72,Standard,Northeast,0,1056.48
10025,30,134.68,2,80,Basic,West,0,1616.16
10026,38,78.6,0,65,Basic,South,1,943.2
10027,2,64.88,2,18,Basic,South,0,778.56
10028,21,79.18,2,82,Premium,West,1,950.16
10029,33,44.61,0,119,Premium,Midwest,1,535.32
10030,12,93.68,2,6,Basic,Northeast,0,1124.16
10031,58,100.46,0,117,Standard,West,1,1205.52
10032,22,93.38,0,62,Standard,South,1,1120.56
10033,44,133.61,2,41,Standard,South,0,1603.32
10034,25,59.16,0,41,Basic,West,0,709.92
10035,49,112.19,2,58,Basic,South,0,1346.28
10036,27,59.01,2,19,Basic,West,0,708.12
10037,59,46.3,2,72,Premium,South,1,555.6
10038,42,32.97,1,16,Standard,West,0,395.64
10039,28,104.68,2,26,Standard,Northeast,0,1256.16
10040,16,42.71,0,46,Premium,Northeast,0,512.52
10041,15,35.42,2,1,Standard,Northeast,0,425.04
10042,47,101.92,1,62,Premium,Northeast,1,1223.04
10043,51,172.17,1,61,Standard,South,0,2066.04
10044,44,42.24,1,99,Basic,Midwest,0,506.88
10045,55,112.26,1,18,Premium,West,0,1347.12
10046,52,195.27,1,16,Standard,Midwest,0,2343.24
10047,57,36.38,2,68,Basic,South,0,436.56
10048,3,47.33,3,38,Basic,South,0,567.96
10049,37,91.13,2,81,Basic,Midwest,1,1093.56
10050,51,33.49,0,116,Standard,Midwest,1,401.88
10051,7,82.14,0,117,Premium,South,0,985.68
10052,21,20.14,1,70,Premium,South,0,241.68
10053,9,135.39,0,80,Premium,West,0,1624.68
10054,39,98.79,2,38,Basic,Northeast,0,1185.48
10055,18,207.26,0,35,Basic,Northeast,0,2487.12
10056,4,88.15,0,39,Basic,West,0,1057.8
10057,25,30.91,0,44,Premium,Midwest,0,370.92
10058,14,282.65,1,3,Basic,South,0,3391.8
10059,50,125.88,0,101,Standard,Midwest,1,1510.56
10060,58,57.93,3,24,Standard,Northeast,0,695.16
10061,9,81.82,1,68,Basic,Northeast,1,981.84
10062,26,98.46,1,29,Basic,Midwest,0,1181.52
10063,53,140.7,1,75,Premium,Northeast,0,1688.4
10064,2,32.35,1,67,Premium,South,1,388.2
10065,20,224.35,3,87,Basic,West,0,2692.2
10066,28,223.22,2,28,Standard,Midwest,0,2678.64
10067,47,260.27,2,72,Premium,South,0,3123.24
10068,7,65.67,1,67,Basic,South,1,788.04
10069,44,115.02,0,50,Basic,Northeast,0,1380.24
10070,8,126.07,3,23,Basic,South,0,1512.84
10071,47,127.51,4,13,Standard,Midwest,1,1530.12
10072,35,82.9,2,68,Basic,South,1,994.8
10073,14,122.29,4,17,Basic,West,0,1467.48
10074,17,117.59,1,41,Basic,South,0,1411.08
10075,36,72.08,0,56,Standard,South,0,864.96
10076,50,115.43,0,82,Premium,West,0,1385.16
10077,40,79.16,1,11,Premium,South,0,949.92
10078,4,123.97,2,81,Premium,South,1,1487.64
10079,2,205.38,2,16,Standard,Northeast,1,2464.56
10080,6,73.89,1,29,Basic,Midwest,0,886.68
10081,54,19.31,2,87,Basic,Northeast,0,231.72
10082,42,184.68,0,74,Premium,Midwest,0,2216.16
10083,4,128.63,3,98,Basic,West,0,1543.56
10084,54,19.09,0,22,Basic,West,0,229.08
10085,29,19.95,4,80,Standard,West,0,239.4
10086,18,178.76,2,0,Basic,Midwest,0,2145.12
10087,26,55.6,2,78,Basic,Midwest,0,667.2
10088,44,118.46,3,31,Premium,Midwest,0,1421.52
10089,34,116.59,1,8,Premium,West,0,1399.08
10090,10,190.25,1,14,Basic,Midwest,0,2283.0
10091,36,146.39,3,27,Premium,South,0,1756.68
10092,14,130.68,2,23,Standard,Northeast,0,1568.16
10093,31,89.21,1,59,Standard,West,0,1070.52
10094,48,211.05,1,34,Basic,Northeast,0,2532.6
10095,15,20.73,2,85,Basic,South,1,248.76
10096,8,127.97,0,26,Standard,Midwest,0,1535.64
10097,14,343.08,3,82,Premium,Northeast,0,4116.96
10098,23,100.67,2,108,Standard,South,0,1208.04
10099,57,171.25,2,75,Basic,South,1,2055.0
10100,40,224.55,0,19,Basic,Northeast,0,2694.6
10101,21,46.05,0,64,Premium,West,0,552.6
10102,16,62.81,0,84,Basic,Northeast,0,753.72
10103,45,133.19,2,48,Standard,West,0,1598.28
10104,18,102.23,1,108,Basic,Midwest,0,1226.76
10105,47,139.8,2,0,Basic,West,0,1677.6
10106,53,53.75,0,9,Standard,Midwest,0,645.0
10107,24,65.74,3,46,Standard,Northeast,0,788.88
10108,26,169.18,1,58,Basic,Midwest,0,2030.16
10109,25,64.79,3,95,Basic,South,0,777.48
10110,45,69.94,3,61,Premium,Midwest,1,839.28
10111,41,44.35,1,102,Basic,West,1,532.2
10112,29,48.47,4,85,Standard,West,1,581.64
10113,15,176.14,2,17,Premium,West,0,2113.68
10114,45,62.43,2,111,Basic,Midwest,0,749.16
10115,1,54.46,2,45,Premium,West,0,653.52
10116,25,103.96,1,31,Basic,West,0,1247.52
10117,7,88.57,1,26,Standard,South,0,1062.84
10118,9,136.01,0,91,Basic,Midwest,0,1632.12
10119,24,72.03,2,17,Premium,South,0,864.36
10120,1,95.68,0,38,Basic,West,1,1148.16
10121,44,45.56,2,48,Basic,West,1,546.72
10122,8,105.59,2,92,Premium,West,0,1267.08
10123,24,61.4,1,81,Standard,Midwest,1,736.8
10124,11,142.23,2,43,Standard,Northeast,0,1706.76
10125,51,114.68,2,71,Basic,West,1,1376.16
10126,17,92.35,2,53,Standard,West,0,1108.2
10127,8,97.03,3,94,Basic,West,0,1164.36
10128,35,157.08,1,33,Basic,West,0,1884.96
10129,35,55.98,3,70,Standard,Midwest,0,671.76
10130,33,34.13,2,35,Basic,Northeast,0,409.56
10131,59,71.85,0,17,Premium,Northeast,0,862.2
10132,5,22.95,2,37,Premium,Northeast,0,275.4
10133,42,106.96,2,58,Standard,West,0,1283.52
10134,39,159.62,2,8,Premium,West,0,1915.44
10135,58,264.13,0,72,Standard,Northeast,1,3169.56
10136,41,220.27,0,109,Basic,Northeast,0,2643.24
10137,28,75.64,1,71,Standard,West,0,907.68
10138,7,103.55,0,50,Basic,West,0,1242.6
10139,9,57.44,2,34,Basic,South,0,689.28
10140,8,143.24,4,81,Premium,South,1,1718.88
10141,12,163.51,3,4,Standard,South,0,1962.12
10142,34,22.01,3,13,Premium,Northeast,0,264.12
10143,33,278.08,1,91,Basic,Midwest,1,3336.96
10144,48,98.99,2,29,Standard,West,0,1187.88
10145,55,98.69,3,3,Basic,South,0,1184.28
10146,23,146.93,1,38,Standard,Midwest,0,1763.16
10147,24,92.29,2,83,Standard,West,1,1107.48
10148,37,94.65,2,63,Standard,Midwest,0,1135.8
10149,35,32.15,3,24,Basic,Northeast,0,385.8
10150,44,54.96,1,27,Basic,Northeast,0,659.52
10151,40,128.75,1,75,Basic,Northeast,1,1545.0
10152,22,115.88,2,65,Standard,South,0,1390.56
10153,27,173.94,1,106,Premium,West,0,2087.28
10154,35,145.62,4,77,Basic,Northeast,0,1747.44
10155,1,148.69,1,21,Standard,South,0,1784.28
10156,35,69.46,3,30,Premium,South,0,833.52
10157,37,70.73,2,22,Standard,South,0,848.76
10158,47,149.39,0,47,Standard,South,0,1792.68
10159,14,75.2,1,19,Premium,Northeast,0,902.4
10160,3,116.19,1,37,Basic,South,0,1394.28
10161,1,99.87,2,54,Basic,Northeast,0,1198.44
10162,5,52.43,4,67,Basic,Northeast,1,629.16
10163,26,88.62,2,78,Premium,South,0,1063.44
10164,55,41.24,1,87,Premium,Northeast,0,494.88
10165,14,58.66,1,88,Standard,West,0,703.92
10166,39,193.2,4,0,Basic,West,0,2318.4
10167,27,50.21,2,6,Basic,Midwest,0,602.52
10168,9,81.43,5,56,Basic,West,0,977.16
10169,15,145.09,3,94,Basic,Northeast,1,1741.08
10170,15,120.0,0,11,Standard,Northeast,0,1440.0
10171,26,59.9,5,105,Premium,West,1,718.8
10172,42,91.51,1,4,Premium,South,0,1098.12
10173,13,67.33,0,107,Standard,South,1,807.96
10174,51,107.55,1,49,Basic,Northeast,0,1290.6
10175,32,142.58,2,41,Basic,South,0,1710.96
10176,39,54.42,1,101,Basic,Midwest,1,653.04
10177,49,297.52,2,11,Standard,Midwest,0,3570.24
10178,52,81.72,1,102,Premium,West,0,980.64
10179,32,73.05,0,17,Basic,West,0,876.6
10180,4,180.45,1,65,Basic,South,1,2165.4
10181,30,81.31,4,73,Basic,Northeast,0,975.72
10182,37,162.48,2,78,Basic,West,0,1949.76
10183,23,120.08,1,93,Standard,Midwest,0,1440.96
10184,39,98.18,1,107,Basic,West,0,1178.16
10185,45,89.3,3,16,Standard,West,0,1071.6
10186,15,47.85,1,67,Premium,Midwest,0,574.2
10187,43,105.92,2,70,Standard,Northeast,1,1271.04
10188,29,78.88,3,61,Basic,West,0,946.56
10189,36,110.79,0,40,Basic,West,0,1329.48
10190,13,50.07,0,94,Standard,West,1,600.84
10191,32,50.16,0,114,Basic,South,0,601.92
10192,7,30.12,2,118,Basic,West,0,361.44
10193,59,58.56,1,102,Standard,Midwest,0,702.72
10194,51,88.09,2,118,Standard,Northeast,0,1057.08
10195,22,77.71,0,33,Standard,Northeast,0,932.52
10196,28,63.6,2,69,Basic,Midwest,0,763.2
10197,2,127.25,1,113,Premium,South,1,1527.0
10198,42,149.03,0,101,Basic,Midwest,1,1788.36
10199,45,167.93,1,44,Basic,Northeast,0,2015.16
10200,57,128.77,3,57,Standard,Midwest,0,1545.24
10201,53,173.02,2,50,Standard,South,0,2076.24
10202,6,150.25,2,33,Premium,Northeast,0,1803.0
10203,28,96.71,0,43,Standard,South,0,1160.52
10204,28,68.39,5,14,Premium,Midwest,0,820.68
10205,44,26.37,1,77,Premium,West,0,316.44
10206,44,78.93,1,69,Standard,Midwest,1,947.16
10207,20,82.74,3,49,Standard,South,0,992.88
10208,30,84.49,2,100,Standard,Midwest,1,1013.88
10209,11,173.15,2,113,Premium,West,0,2077.8
10210,58,13.48,1,31,Standard,South,0,161.76
10211,55,142.0,1,66,Basic,Midwest,0,1704.0
10212,28,25.15,5,2,Standard,South,0,301.8
10213,25,16.07,1,85,Basic,South,0,192.84
10214,39,168.91,0,85,Basic,Northeast,1,2026.92
10215,33,100.32,1,73,Basic,Northeast,1,1203.84
10216,1,175.5,3,50,Standard,South,0,2106.0
10217,57,131.21,3,66,Premium,Midwest,0,1574.52
10218,27,104.48,2,75,Basic,Midwest,0,1253.76
10219,57,90.72,1,92,Basic,Midwest,0,1088.64
10220,52,125.9,8,47,Basic,West,0,1510.8
10221,13,83.68,0,16,Standard,South,0,1004.16
10222,41,90.51,2,6,Basic,South,0,1086.12
10223,3,67.57,4,12,Basic,West,0,810.84
10224,39,58.24,0,119,Basic,South,0,698.88
10225,6,82.39,0,65,Standard,South,0,988.68
10226,8,28.31,1,3,Basic,West,0,339.72
10227,27,78.05,0,9,Standard,Northeast,0,936.6
10228,9,34.64,2,102,Basic,South,0,415.68
10229,37,125.65,0,87,Standard,West,0,1507.8
10230,33,80.43,1,16,Basic,Midwest,0,965.16
10231,51,55.56,2,51,Standard,Northeast,0,666.72
10232,42,63.99,1,5,Basic,Midwest,1,767.88
10233,44,135.66,3,82,Standard,South,0,1627.92
10234,24,103.82,3,68,Premium,Northeast,0,1245.84
10235,15,143.66,2,95,Premium,West,0,1723.92
10236,59,87.1,1,73,Standard,South,0,1045.2
10237,54,94.29,2,8,Standard,West,0,1131.48
10238,32,124.56,4,90,Premium,Northeast,1,1494.72
10239,32,69.61,1,76,Standard,Midwest,0,835.32
10240,24,73.16,2,82,Basic,South,1,877.92
10241,41,86.78,2,20,Premium,South,0,1041.36
10242,52,118.61,3,23,Basic,West,0,1423.32
10243,49,161.54,0,101,Basic,Northeast,1,1938.48
10244,49,125.34,0,3,Basic,West,0,1504.08
10245,58,266.46,3,23,Basic,Northeast,0,3197.52
10246,52,100.03,1,58,Standard,South,0,1200.36
10247,12,91.52,0,98,Basic,Northeast,0,1098.24
10248,39,174.74,1,2,Basic,South,0,2096.88
10249,2,128.44,5,67,Basic,Northeast,1,1541.28
10250,3,85.44,2,100,Standard,Midwest,0,1025.28
10251,49,156.8,1,39,Standard,Northeast,0,1881.6
10252,37,65.66,2,47,Basic,Midwest,0,787.92
10253,49,90.19,1,53,Basic,Northeast,0,1082.28
10254,56,118.13,1,34,Basic,Northeast,0,1417.56
10255,17,82.39,2,94,Premium,West,1,988.68
10256,59,80.85,3,55,Standard,West,0,970.2
10257,49,96.64,1,107,Standard,South,1,1159.68
10258,2,93.75,0,88,Basic,West,0,1125.0
10259,2,150.37,0,39,Standard,Northeast,0,1804.44
10260,28,120.29,4,76,Standard,West,1,1443.48
10261,54,226.08,0,67,Basic,Northeast,0,2712.96
10262,23,155.16,1,45,Basic,Midwest,1,1861.92
10263,37,94.75,3,77,Basic,Northeast,0,1137.0
10264,32,71.18,2,12,Premium,South,0,854.16
10265,33,53.28,0,26,Premium,Midwest,0,639.36
10266,1,107.74,1,5,Standard,South,0,1292.88
10267,19,64.71,1,16,Standard,South,0,776.52
10268,2,89.69,3,35,Basic,South,0,1076.28
10269,53,120.95,0,103,Standard,West,1,1451.4
10270,44,68.1,0,112,Standard,South,0,817.2
10271,26,125.78,0,98,Basic,Midwest,1,1509.36
10272,32,189.03,0,80,Premium,Northeast,0,2268.36
10273,6,109.09,1,104,Basic,South,0,1309.08
10274,32,80.29,0,1,Basic,Midwest,0,963.48
10275,55,66.04,2,76,Standard,South,0,792.48
10276,4,81.48,2,51,Standard,Northeast,0,977.76
10277,55,101.05,2,65,Standard,Midwest,1,1212.6
10278,11,161.0,2,51,Basic,Midwest,0,1932.0
10279,56,80.81,3,91,Premium,Northeast,0,969.72
10280,59,133.72,2,42,Standard,Midwest,0,1604.64
10281,17,128.03,1,89,Standard,Northeast,0,1536.36
10282,38,132.58,0,21,Premium,Midwest,0,1590.96
10283,24,146.84,3,110,Standard,Midwest,0,1762.08
10284,5,226.39,1,106,Basic,Northeast,1,2716.68
10285,52,60.61,1,54,Standard,Northeast,0,727.32
10286,34,157.55,1,66,Basic,Midwest,0,1890.6
10287,6,71.49,2,98,Basic,Midwest,1,857.88
10288,22,86.36,0,59,Basic,Northeast,0,1036.32
10289,11,44.64,0,57,Premium,West,0,535.68
10290,48,95.99,3,11,Basic,Northeast,0,1151.88
10291,16,159.57,2,87,Standard,Midwest,1,1914.84
10292,33,115.71,3,68,Basic,Midwest,0,1388.52
10293,9,122.2,1,83,Standard,Midwest,0,1466.4
10294,59,28.63,2,102,Standard,Northeast,0,343.56
10295,6,67.13,5,38,Standard,Midwest,0,805.56
10296,16,59.16,5,12,Basic,West,1,709.92
10297,29,125.86,0,40,Standard,South,0,1510.32
10298,3,46.5,1,56,Premium,West,0,558.0
10299,20,277.35,2,52,Standard,Northeast,0,3328.2
10300,59,84.28,3,108,Standard,Midwest,0,1011.36
10301,36,45.79,2,11,Premium,Northeast,0,549.48
10302,19,63.94,3,12,Basic,South,0,767.28
10303,26,144.25,1,119,Standard,Northeast,1,1731.0
10304,3,84.15,1,73,Premium,Midwest,1,1009.8
10305,19,41.28,1,96,Basic,South,0,495.36
10306,20,38.94,3,56,Standard,South,0,467.28
10307,32,123.85,1,39,Basic,Midwest,0,1486.2
10308,7,114.64,1,117,Standard,Midwest,0,1375.68
10309,52,51.8,1,79,Standard,Midwest,0,621.6
10310,41,106.6,0,44,Basic,Northeast,0,1279.2
10311,33,89.72,1,34,Standard,West,0,1076.64
10312,40,53.73,6,2,Basic,Northeast,1,644.76
10313,39,193.05,4,119,Basic,Northeast,0,2316.6
10314,18,163.01,3,4,Basic,West,0,1956.12
10315,40,131.98,3,89,Premium,Midwest,0,1583.76
10316,1,144.42,1,10,Basic,Midwest,0,1733.04
10317,11,138.42,3,70,Premium,West,0,1661.04
10318,28,77.04,1,116,Standard,West,1,924.48
10319,57,93.96,5,55,Basic,Northeast,1,1127.52
10320,25,160.79,1,9,Standard,South,0,1929.48
10321,50,63.54,2,105,Standard,West,1,762.48
10322,23,149.89,3,115,Standard,Northeast,0,1798.68
10323,31,96.12,0,33,Basic,South,0,1153.44
10324,30,40.06,2,66,Basic,Midwest,0,480.72
10325,42,48.22,4,71,Basic,Midwest,1,578.64
10326,35,143.09,2,30,Basic,Northeast,0,1717.08
10327,7,120.74,0,74,Basic,Northeast,1,1448.88
10328,16,102.12,1,108,Basic,West,0,1225.44
10329,26,140.6,1,70,Basic,Midwest,0,1687.2
10330,48,110.65,1,108,Basic,Northeast,0,1327.8
10331,57,83.68,3,65,Basic,Midwest,0,1004.16
10332,52,118.77,1,69,Basic,Midwest,1,1425.24
10333,49,169.62,2,40,Premium,West,0,2035.44
10334,2,238.45,2,62,Basic,South,1,2861.4
10335,1,160.01,2,31,Standard,West,1,1920.12
10336,48,198.36,2,19,Basic,Northeast,0,2380.32
10337,12,71.35,0,56,Premium,West,0,856.2
10338,5,258.23,2,97,Basic,West,0,3098.76
10339,37,72.83,5,49,Premium,Midwest,0,873.96
10340,32,121.82,0,79,Standard,West,0,1461.84
10341,59,110.83,1,24,Basic,Northeast,1,1329.96
10342,55,42.13,1,11,Premium,South,0,505.56
10343,9,161.84,2,70,Standard,West,0,1942.08
10344,41,83.51,0,38,Basic,West,0,1002.12
10345,35,59.9,0,16,Standard,South,0,718.8
10346,19,116.75,2,44,Premium,Northeast,0,1401.0
10347,48,73.0,0,10,Standard,Northeast,0,876.0
10348,16,157.19,1,69,Basic,West,0,1886.28
10349,3,79.13,4,22,Standard,Midwest,1,949.56
10350,20,93.04,2,90,Standard,West,1,1116.48
10351,24,190.03,2,109,Premium,South,1,2280.36
10352,54,73.43,0,69,Standard,South,0,881.16
10353,56,95.38,3,37,Basic,South,0,1144.56
10354,33,170.27,2,1,Premium,West,0,2043.24
10355,24,114.35,1,85,Basic,West,1,1372.2
10356,52,55.38,2,83,Basic,Northeast,1,664.56
10357,11,40.67,3,88,Standard,Midwest,0,488.04
10358,49,70.17,1,78,Standard,West,1,842.04
10359,8,124.82,0,112,Basic,Northeast,0,1497.84
10360,36,196.3,0,92,Standard,West,1,2355.6
10361,38,167.3,1,71,Basic,Northeast,1,2007.6
10362,40,61.94,3,36,Basic,Northeast,0,743.28
10363,20,85.03,2,48,Premium,Midwest,0,1020.36
10364,35,192.36,1,51,Basic,West,0,2308.32
10365,48,33.3,0,32,Basic,Northeast,0,399.6
10366,25,105.12,0,21,Basic,South,1,1261.44
10367,35,61.57,1,113,Premium,South,0,738.84
10368,25,200.86,1,110,Basic,South,0,2410.32
10369,29,186.73,5,4,Basic,Midwest,0,2240.76
10370,18,114.0,4,102,Standard,Northeast,0,1368.0
10371,46,78.06,2,17,Standard,Midwest,0,936.72
10372,18,220.38,1,37,Basic,West,0,2644.56
10373,2,66.22,0,117,Standard,West,1,794.64
10374,54,122.78,0,116,Basic,Northeast,1,1473.36
10375,35,97.29,0,36,Premium,South,0,1167.48
10376,16,176.68,1,93,Basic,Northeast,0,2120.16
10377,41,34.29,2,114,Basic,Northeast,0,411.48
10378,36,129.86,3,94,Basic,Northeast,0,1558.32
10379,33,146.4,2,63,Basic,Midwest,0,1756.8
10380,4,190.33,0,9,Standard,West,1,2283.96
10381,33,77.12,1,78,Basic,Northeast,0,925.44
10382,14,71.73,3,41,Basic,Northeast,0,860.76
10383,21,64.93,0,47,Standard,Northeast,0,779.16
10384,48,68.3,0,43,Standard,Midwest,0,819.6
10385,20,200.78,3,81,Basic,Midwest,1,2409.36
10386,56,133.81,0,86,Basic,Midwest,1,1605.72
10387,8,35.83,0,96,Basic,Northeast,1,429.96
10388,7,117.94,1,15,Basic,South,1,1415.28
10389,3,49.53,3,53,Basic,South,0,594.36
10390,17,96.13,1,101,Standard,South,1,1153.56
10391,33,94.76,1,34,Premium,West,0,1137.12
10392,48,97.56,2,97,Basic,Northeast,0,1170.72
10393,12,61.31,1,27,Basic,South,0,735.72
10394,59,116.84,1,1,Basic,South,0,1402.08
10395,51,135.87,2,93,Basic,South,0,1630.44
10396,22,44.82,2,12,Basic,Northeast,0,537.84
10397,55,100.75,1,40,Premium,South,0,1209.0
10398,22,99.88,4,79,Standard,South,0,1198.56
10399,46,124.55,1,58,Premium,Northeast,0,1494.6
10400,30,98.59,0,68,Premium,West,1,1183.08
10401,38,28.54,1,118,Standard,Midwest,1,342.48
10402,38,144.66,0,91,Standard,South,0,1735.92
10403,45,135.7,1,52,Basic,Midwest,0,1628.4
10404,51,73.89,0,102,Standard,West,0,886.68
10405,54,79.69,2,44,Premium,West,0,956.28
10406,8,69.45,2,19,Basic,South,0,833.4
10407,27,141.95,2,23,Premium,Northeast,0,1703.4
10408,27,85.18,1,60,Basic,West,0,1022.16
10409,34,77.2,1,90,Premium,Midwest,0,926.4
10410,21,144.96,0,93,Premium,Midwest,1,1739.52
10411,30,155.68,1,57,Standard,Midwest,0,1868.16
10412,33,37.98,2,108,Standard,Midwest,0,455.76
10413,28,140.25,2,26,Standard,West,0,1683.0
10414,47,22.33,2,25,Premium,South,0,267.96
10415,33,77.91,2,6,Premium,South,0,934.92
10416,5,90.02,1,41,Standard,Midwest,0,1080.24
10417,48,166.84,2,46,Standard,South,0,2002.08
10418,19,129.29,4,52,Standard,Midwest,0,1551.48
10419,4,33.67,1,58,Premium,Midwest,0,404.04
10420,35,100.1,0,37,Standard,Northeast,0,1201.2
10421,49,193.49,3,68,Premium,West,0,2321.88
10422,17,108.13,2,86,Standard,West,1,1297.56
10423,44,79.31,2,91,Basic,Midwest,0,951.72
10424,28,166.31,1,97,Basic,West,1,1995.72
10425,30,98.0,1,52,Basic,South,0,1176.0
10426,29,111.09,0,14,Basic,Midwest,0,1333.08
10427,46,39.72,2,95,Basic,Northeast,0,476.64
10428,53,87.18,2,25,Standard,South,0,1046.16
10429,6,228.92,2,47,Basic,Northeast,0,2747.04
10430,35,105.63,2,94,Basic,Northeast,1,1267.56
10431,41,57.44,1,18,Standard,West,0,689.28
10432,37,99.72,0,8,Premium,West,0,1196.64
10433,24,49.75,1,63,Standard,Midwest,0,597.0
10434,29,94.72,1,92,Premium,West,0,1136.64
10435,49,66.56,2,53,Standard,Northeast,0,798.72
10436,46,55.13,1,50,Basic,Northeast,0,661.56
10437,53,84.95,0,38,Standard,South,0,1019.4
10438,31,135.31,1,3,Standard,Northeast,0,1623.72
10439,35,116.45,1,2,Basic,Midwest,0,1397.4
10440,33,20.16,4,119,Basic,Midwest,1,241.92
10441,52,104.03,1,63,Standard,West,0,1248.36
10442,21,247.11,1,28,Basic,West,0,2965.32
10443,32,49.73,0,115,Standard,West,0,596.76
10444,23,116.48,0,10,Basic,Midwest,0,1397.76
10445,33,107.68,3,96,Standard,Northeast,0,1292.16
10446,3,184.59,1,101,Standard,West,0,2215.08
10447,18,128.99,0,57,Basic,South,0,1547.88
10448,25,115.36,1,74,Basic,West,0,1384.32
10449,42,67.09,0,26,Standard,Midwest,0,805.08
10450,31,113.95,1,96,Premium,West,1,1367.4
10451,54,117.9,0,20,Premium,Northeast,0,1414.8
10452,58,75.47,0,38,Standard,West,0,905.64
10453,3,67.88,0,94,Standard,Midwest,1,814.56
10454,40,53.7,0,101,Basic,Midwest,0,644.4
10455,46,41.7,1,45,Basic,South,0,500.4
10456,24,132.63,1,65,Basic,Midwest,0,1591.56
10457,50,72.39,4,90,Standard,South,0,868.68
10458,32,62.41,2,35,Basic,Northeast,0,748.92
10459,47,28.17,0,74,Basic,Midwest,1,338.04
10460,22,25.92,2,110,Standard,West,0,311.04
10461,23,151.18,2,81,Standard,Northeast,0,1814.16
10462,2,68.96,0,64,Basic,West,1,827.52
10463,27,100.0,0,62,Basic,West,0,1200.0
10464,42,104.24,2,98,Basic,West,0,1250.88
10465,2,33.65,1,34,Basic,Northeast,0,403.8
10466,26,190.09,2,30,Standard,Northeast,0,2281.08
10467,17,50.92,1,27,Basic,Midwest,0,611.04
10468,40,231.64,0,102,Standard,West,0,2779.68
10469,33,101.38,3,0,Premium,South,0,1216.56
10470,9,65.77,1,24,Basic,Midwest,0,789.24
10471,43,48.6,0,42,Premium,Northeast,0,583.2
10472,54,131.42,2,101,Basic,South,0,1577.04
10473,48,84.97,0,83,Basic,Northeast,1,1019.64
10474,39,68.62,1,66,Basic,South,0,823.44
10475,29,26.4,2,62,Basic,Midwest,0,316.8
10476,42,64.73,0,50,Basic,South,0,776.76
10477,55,97.06,2,1,Basic,Midwest,0,1164.72
10478,26,110.98,3,81,Standard,Northeast,0,1331.76
10479,35,35.53,2,107,Premium,South,0,426.36
10480,50,29.19,2,63,Standard,West,0,350.28
10481,25,19.16,1,73,Basic,West,1,229.92
10482,24,69.78,0,68,Standard,Northeast,0,837.36
10483,13,60.13,0,8,Standard,South,0,721.56
10484,58,134.88,2,1,Premium,West,0,1618.56
10485,7,136.37,2,33,Premium,Midwest,0,1636.44
10486,57,62.58,4,59,Premium,South,1,750.96
10487,36,44.25,0,101,Basic,South,0,531.0
10488,45,92.86,1,60,Standard,West,0,1114.32
10489,20,62.74,1,30,Basic,Midwest,0,752.88
10490,1,46.15,0,9,Premium,Midwest,1,553.8
10491,8,94.57,3,113,Basic,Midwest,0,1134.84
10492,46,34.16,0,75,Basic,South,1,409.92
10493,16,114.89,1,35,Basic,Northeast,0,1378.68
10494,14,68.54,0,117,Standard,South,0,822.48
10495,12,92.92,2,84,Basic,South,1,1115.04
10496,51,17.0,2,48,Basic,West,0,204.0
10497,23,182.05,1,110,Premium,Northeast,0,2184.6
10498,15,153.94,0,69,Premium,Midwest,0,1847.28
10499,28,75.43,1,111,Basic,West,0,905.16
10500,34,71.76,1,48,Basic,South,0,861.12
10501,2,130.17,2,2,Premium,Northeast,0,1562.04
10502,32,97.54,0,73,Premium,Midwest,1,1170.48
10503,23,142.65,3,4,Standard,Midwest,0,1711.8
10504,22,34.48,3,109,Standard,South,0,413.76
10505,51,69.11,2,89,Basic,Midwest,1,829.32
10506,25,143.9,2,60,Premium,Midwest,0,1726.8
10507,58,58.47,0,84,Standard,Northeast,0,701.64
10508,22,109.55,1,108,Standard,West,0,1314.6
10509,58,86.59,1,89,Basic,Northeast,1,1039.08
10510,58,88.41,2,101,Premium,West,0,1060.92
10511,22,126.88,6,107,Standard,West,0,1522.56
10512,49,98.64,3,25,Basic,West,0,1183.68
10513,52,94.04,1,71,Standard,Midwest,1,1128.48
10514,42,81.06,2,4,Standard,Northeast,0,972.72
10515,6,41.57,1,14,Standard,Midwest,0,498.84
10516,15,105.65,3,15,Standard,South,0,1267.8
10517,54,126.19,0,0,Standard,Northeast,0,1514.28
10518,43,174.45,3,15,Premium,West,0,2093.4
10519,37,61.74,2,36,Basic,Midwest,0,740.88
10520,33,138.96,1,2,Basic,Midwest,0,1667.52
10521,8,185.47,1,51,Basic,Northeast,0,2225.64
10522,53,172.54,1,46,Standard,Northeast,0,2070.48
10523,44,66.12,0,94,Standard,West,0,793.44
10524,44,69.46,0,12,Premium,West,0,833.52
10525,5,140.39,6,119,Standard,South,1,1684.68
10526,39,127.84,2,79,Standard,West,0,1534.08
10527,4,111.11,1,54,Premium,Midwest,0,1333.32
10528,6,22.01,0,106,Basic,South,0,264.12
10529,45,113.18,0,20,Premium,South,0,1358.16
10530,32,86.88,3,65,Basic,South,0,1042.56
10531,52,174.09,0,53,Standard,Northeast,0,2089.08
10532,30,74.48,2,26,Standard,West,0,893.76
10533,47,115.36,1,37,Standard,South,0,1384.32
10534,35,45.58,3,89,Basic,Northeast,0,546.96
10535,55,45.55,2,57,Basic,Northeast,0,546.6
10536,40,118.47,0,61,Standard,South,0,1421.64
10537,52,39.98,1,101,Premium,South,0,479.76
10538,16,59.8,3,45,Basic,Midwest,0,717.6
10539,13,62.56,3,88,Premium,South,0,750.72
10540,50,71.43,2,10,Basic,Midwest,0,857.16
10541,42,131.38,1,71,Standard,South,1,1576.56
10542,30,44.25,1,7,Standard,South,0,531.0
10543,19,77.74,1,96,Standard,West,0,932.88
10544,17,150.09,4,116,Premium,South,1,1801.08
10545,56,106.34,0,70,Standard,South,1,1276.08
10546,19,60.95,0,63,Standard,Midwest,1,731.4
10547,28,82.52,2,101,Basic,Midwest,1,990.24
10548,58,74.66,1,20,Basic,West,0,895.92
10549,55,122.81,2,71,Basic,South,1,1473.72
10550,26,118.24,2,114,Standard,South,0,1418.88
10551,37,36.73,1,117,Basic,Midwest,0,440.76
10552,26,79.09,4,62,Basic,Northeast,0,949.08
10553,53,90.23,6,84,Basic,Northeast,1,1082.76
10554,23,104.64,4,63,Basic,Northeast,1,1255.68
10555,9,135.11,1,119,Basic,Midwest,0,1621.32
10556,12,163.9,2,19,Premium,Midwest,0,1966.8
10557,53,92.15,2,7,Standard,Northeast,0,1105.8
10558,1,68.07,0,57,Standard,Northeast,0,816.84
10559,58,49.18,0,45,Standard,South,0,590.16
10560,58,30.16,0,30,Basic,Midwest,0,361.92
10561,1,85.77,1,113,Premium,Midwest,1,1029.24
10562,47,61.43,0,92,Basic,Northeast,0,737.16
10563,34,100.25,4,111,Basic,Northeast,1,1203.0
10564,32,103.94,2,8,Standard,West,0,1247.28
10565,54,56.31,1,14,Basic,Midwest,0,675.72
10566,48,55.65,2,93,Standard,West,0,667.8
10567,25,145.87,0,25,Basic,South,0,1750.44
10568,40,89.16,0,9,Standard,West,0,1069.92
10569,45,51.3,1,28,Standard,Northeast,0,615.6
10570,53,88.49,0,117,Basic,Midwest,1,1061.88
10571,1,257.76,2,79,Standard,Midwest,0,3093.12
10572,16,113.35,1,35,Basic,West,0,1360.2
10573,39,103.12,2,83,Standard,West,0,1237.44
10574,5,54.7,0,108,Basic,South,1,656.4
10575,22,22.17,1,117,Standard,South,0,266.04
10576,29,146.66,0,36,Standard,Northeast,0,1759.92
10577,55,102.12,1,85,Basic,Northeast,1,1225.44
10578,3,118.45,2,70,Premium,Northeast,0,1421.4
10579,12,132.23,0,22,Premium,West,0,1586.76
10580,26,75.48,0,40,Standard,West,0,905.76
10581,16,44.16,3,103,Standard,Midwest,0,529.92
10582,51,123.82,2,92,Basic,Northeast,0,1485.84
10583,37,42.64,2,79,Standard,West,1,511.68
10584,22,103.34,3,101,Basic,Midwest,1,1240.08
10585,57,57.45,1,27,Basic,Northeast,0,689.4
10586,29,142.45,1,47,Premium,South,0,1709.4
10587,14,107.99,2,37,Standard,South,0,1295.88
10588,28,62.73,3,30,Basic,West,0,752.76
10589,5,45.5,1,13,Basic,Midwest,0,546.0
10590,47,89.78,1,116,Standard,South,1,1077.36
10591,49,135.76,2,96,Basic,Midwest,1,1629.12
10592,30,138.81,1,72,Basic,Midwest,1,1665.72
10593,46,148.48,1,90,Basic,South,0,1781.76
10594,52,101.84,1,87,Standard,Midwest,0,1222.08
10595,5,170.98,0,76,Standard,South,0,2051.76
10596,12,104.01,0,89,Basic,West,0,1248.12
10597,16,56.51,0,28,Standard,Northeast,0,678.12
10598,26,65.04,0,50,Basic,Northeast,0,780.48
10599,26,155.05,4,48,Standard,West,1,1860.6
10600,48,56.42,1,42,Premium,South,0,677.04
10601,21,52.07,1,91,Standard,South,0,624.84
10602,39,182.85,0,91,Premium,South,1,2194.2
10603,36,103.17,0,71,Premium,South,0,1238.04
10604,33,103.46,2,86,Standard,West,0,1241.52
10605,30,137.23,0,92,Standard,Northeast,1,1646.76
10606,37,135.41,1,4,Premium,Midwest,0,1624.92
10607,23,86.68,0,41,Basic,Midwest,0,1040.16
10608,58,163.49,1,6,Basic,Northeast,0,1961.88
10609,10,188.75,1,41,Premium,West,0,2265.0
10610,54,43.9,3,35,Standard,Midwest,0,526.8
10611,5,111.85,2,104,Basic,Northeast,1,1342.2
10612,36,55.83,1,26,Basic,West,0,669.96
10613,34,73.15,0,57,Standard,Midwest,0,877.8
10614,52,45.96,1,45,Standard,South,0,551.52
10615,31,207.01,2,65,Standard,South,0,2484.12
10616,10,95.6,3,24,Standard,West,0,1147.2
10617,58,80.47,1,72,Standard,South,0,965.64
10618,19,97.07,0,116,Standard,West,1,1164.84
10619,58,77.77,3,26,Standard,Northeast,0,933.24
10620,32,94.84,1,0,Standard,Northeast,0,1138.08
10621,1,115.22,5,86,Standard,Midwest,1,1382.64
10622,56,57.84,1,73,Basic,West,0,694.08
10623,5,120.79,1,41,Basic,Midwest,0,1449.48
10624,45,70.0,5,51,Premium,Midwest,0,840.0
10625,4,110.06,0,24,Basic,Northeast,0,1320.72
10626,16,66.65,2,53,Basic,Midwest,0,799.8
10627,24,133.88,1,66,Standard,South,0,1606.56
10628,16,140.72,1,5,Premium,Midwest,0,1688.64
10629,55,88.67,0,57,Basic,West,0,1064.04
10630,2,249.01,0,69,Basic,South,1,2988.12
10631,49,106.99,2,52,Basic,Northeast,0,1283.88
10632,28,40.29,2,65,Standard,West,0,483.48
10633,32,130.51,1,57,Basic,South,0,1566.12
10634,27,197.55,3,81,Basic,West,0,2370.6
10635,20,66.48,1,86,Basic,South,0,797.76
10636,24,42.43,0,1,Premium,West,0,509.16
10637,12,129.06,1,75,Basic,West,1,1548.72
10638,50,86.83,1,21,Basic,South,0,1041.96
10639,35,96.53,2,36,Standard,Northeast,0,1158.36
10640,33,98.83,3,19,Premium,Northeast,0,1185.96
10641,33,71.19,4,102,Standard,West,1,854.28
10642,51,76.08,2,23,Premium,West,0,912.96
10643,43,77.23,0,111,Premium,Northeast,0,926.76
10644,37,90.79,1,83,Basic,Northeast,1,1089.48
10645,12,140.98,2,64,Standard,Midwest,0,1691.76
10646,3,62.35,0,64,Basic,Northeast,1,748.2
10647,1,159.18,0,80,Standard,West,0,1910.16
10648,33,80.68,4,0,Basic,South,1,968.16
10649,40,151.88,2,116,Basic,Northeast,0,1822.56
10650,10,227.52,3,115,Premium,Midwest,1,2730.24
10651,43,83.82,2,108,Basic,Midwest,0,1005.84
10652,44,97.08,0,93,Premium,Midwest,0,1164.96
10653,29,49.61,1,104,Basic,South,1,595.32
10654,13,98.44,1,110,Basic,Northeast,0,1181.28
10655,12,117.03,3,2,Premium,Northeast,0,1404.36
10656,31,120.91,1,45,Standard,Northeast,0,1450.92
10657,46,57.13,0,54,Standard,South,0,685.56
10658,2,124.13,1,74,Basic,South,1,1489.56
10659,51,65.56,0,87,Standard,West,0,786.72
10660,50,193.88,1,85,Standard,Midwest,1,2326.56
10661,35,110.79,1,63,Standard,Midwest,1,1329.48
10662,23,93.36,2,107,Standard,Northeast,1,1120.32
10663,17,179.22,1,44,Premium,South,0,2150.64
10664,26,102.08,1,25,Standard,South,0,1224.96
10665,8,120.67,1,76,Premium,Northeast,0,1448.04
10666,29,72.37,1,64,Standard,Northeast,1,868.44
10667,26,47.69,1,23,Standard,West,0,572.28
10668,10,126.45,1,73,Basic,Midwest,0,1517.4
10669,26,194.14,1,34,Basic,Midwest,0,2329.68
10670,34,79.74,0,23,Premium,Midwest,0,956.88
10671,51,77.94,1,27,Basic,West,0,935.28
10672,41,57.93,0,99,Basic,Northeast,1,695.16
10673,7,22.78,1,79,Basic,Northeast,0,273.36
10674,4,89.93,0,103,Basic,Midwest,0,1079.16
10675,58,135.26,2,15,Premium,Midwest,0,1623.12
10676,53,136.1,1,58,Premium,West,0,1633.2
10677,50,52.5,1,80,Standard,South,1,630.0
10678,45,115.47,0,114,Basic,South,0,1385.64
10679,11,190.22,1,53,Standard,Midwest,0,2282.64
10680,29,111.08,3,78,Standard,West,1,1332.96
10681,56,79.41,1,15,Premium,Midwest,0,952.92
10682,36,62.19,0,14,Standard,South,0,746.28
10683,25,69.02,0,97,Basic,Midwest,0,828.24
10684,21,162.48,2,10,Standard,South,0,1949.76
10685,57,85.71,2,64,Premium,South,0,1028.52
10686,36,55.76,1,78,Standard,South,0,669.12
10687,10,79.88,4,89,Standard,Northeast,1,958.56
10688,37,60.99,1,114,Basic,Northeast,0,731.88
10689,9,151.66,2,67,Standard,Midwest,0,1819.92
10690,24,40.19,1,42,Standard,South,0,482.28
10691,35,12.86,1,68,Basic,Northeast,1,154.32
10692,49,152.58,5,98,Standard,Midwest,0,1830.96
10693,35,35.29,1,12,Basic,Midwest,0,423.48
10694,48,168.88,0,9,Basic,Midwest,0,2026.56
10695,36,275.31,1,74,Basic,Midwest,0,3303.72
10696,18,100.7,0,81,Basic,Midwest,1,1208.4
10697,49,134.42,0,97,Standard,West,1,1613.04
10698,39,121.62,0,102,Basic,South,0,1459.44
10699,32,108.93,1,40,Basic,Midwest,0,1307.16
10700,24,68.07,0,105,Premium,West,0,816.84
10701,23,49.78,1,49,Standard,South,0,597.36
10702,32,89.72,1,86,Standard,Northeast,0,1076.64
10703,37,56.29,3,70,Basic,Midwest,1,675.48
10704,12,110.19,1,58,Standard,West,0,1322.28
10705,49,68.8,1,38,Basic,Northeast,0,825.6
10706,55,43.69,1,2,Premium,West,0,524.28
10707,13,116.83,0,75,Basic,South,1,1401.96
10708,23,80.85,1,6,Standard,South,0,970.2
10709,25,41.66,0,48,Basic,Northeast,0,499.92
10710,35,153.91,3,25,Standard,West,0,1846.92
10711,41,95.05,1,32,Standard,Midwest,0,1140.6
10712,30,151.15,0,100,Standard,Midwest,0,1813.8
10713,17,103.83,1,47,Basic,Northeast,1,1245.96
10714,49,71.4,1,78,Standard,Northeast,1,856.8
10715,20,59.02,5,1,Premium,Northeast,0,708.24
10716,48,124.0,1,104,Premium,West,0,1488.0
10717,25,190.21,2,70,Basic,Midwest,0,2282.52
10718,22,118.51,2,31,Basic,Midwest,0,1422.12
10719,13,70.19,1,3,Premium,Midwest,0,842.28
10720,59,106.65,2,19,Standard,Northeast,0,1279.8
10721,19,54.2,3,113,Standard,Midwest,0,650.4
10722,49,117.96,1,116,Premium,South,0,1415.52
10723,36,139.8,2,35,Premium,Northeast,0,1677.6
10724,12,74.73,1,31,Standard,Midwest,0,896.76
10725,41,180.67,1,27,Basic,West,0,2168.04
10726,19,69.13,0,76,Basic,Northeast,0,829.56
10727,12,105.85,0,0,Standard,South,0,1270.2
10728,9,132.25,0,59,Basic,South,0,1587.0
10729,7,74.68,1,55,Basic,West,0,896.16
10730,28,47.25,1,34,Basic,West,0,567.0
10731,14,53.23,3,111,Basic,Northeast,1,638.76
10732,31,77.89,3,29,Standard,Northeast,0,934.68
10733,52,74.75,3,53,Standard,South,0,897.0
10734,19,90.88,2,35,Standard,West,0,1090.56
10735,58,120.07,0,54,Basic,Northeast,0,1440.84
10736,47,140.88,0,88,Premium,South,0,1690.56
10737,16,148.57,3,79,Basic,West,1,1782.84
10738,53,229.59,1,57,Standard,South,0,2755.08
10739,5,59.29,5,82,Premium,Midwest,1,711.48
10740,35,232.65,3,64,Basic,West,1,2791.8
10741,12,86.05,1,68,Standard,Northeast,0,1032.6
10742,25,81.59,1,50,Premium,Northeast,0,979.08
10743,52,137.41,1,21,Basic,Midwest,0,1648.92
10744,59,67.67,2,87,Standard,West,0,812.04
10745,21,126.77,3,106,Standard,South,0,1521.24
10746,36,185.97,4,108,Basic,Northeast,0,2231.64
10747,53,75.61,0,115,Premium,Midwest,0,907.32
10748,23,135.2,1,100,Premium,Midwest,1,1622.4
10749,16,121.12,0,52,Standard,West,0,1453.44
10750,57,247.34,0,99,Basic,West,0,2968.08
10751,39,33.78,1,35,Basic,Northeast,0,405.36
10752,45,69.92,0,67,Standard,Midwest,0,839.04
10753,53,44.61,1,35,Basic,South,1,535.32
10754,42,134.68,1,51,Standard,Midwest,0,1616.16
10755,58,100.64,2,52,Standard,South,0,1207.68
10756,39,200.24,1,81,Standard,South,0,2402.88
10757,14,47.81,4,49,Standard,Northeast,0,573.72
10758,31,86.5,1,79,Basic,Midwest,0,1038.0
10759,58,178.74,3,40,Basic,South,0,2144.88
10760,5,79.27,1,17,Basic,West,0,951.24
10761,35,75.38,0,21,Standard,South,0,904.56
10762,23,69.65,1,65,Standard,West,0,835.8
10763,29,55.12,2,20,Standard,West,0,661.44
10764,43,53.94,2,99,Standard,Midwest,1,647.28
10765,11,64.94,5,43,Premium,West,0,779.28
10766,18,35.72,1,102,Basic,South,1,428.64
10767,47,96.84,1,46,Basic,West,0,1162.08
10768,12,70.98,2,38,Basic,Midwest,0,851.76
10769,9,16.49,2,28,Standard,Northeast,0,197.88
10770,10,36.11,1,53,Basic,South,0,433.32
10771,58,16.25,1,89,Premium,South,0,195.0
10772,44,38.3,0,84,Standard,Midwest,0,459.6
10773,17,159.1,3,16,Premium,Midwest,0,1909.2
10774,38,97.59,3,79,Premium,Midwest,0,1171.08
10775,7,70.36,1,59,Basic,Midwest,0,844.32
10776,46,134.02,2,30,Standard,South,0,1608.24
10777,13,70.06,1,114,Standard,Northeast,0,840.72
10778,40,41.24,3,72,Basic,West,0,494.88
10779,42,66.58,2,94,Basic,West,1,798.96
10780,9,138.91,1,77,Standard,Northeast,0,1666.92
10781,50,101.34,0,48,Basic,Northeast,0,1216.08
10782,27,147.86,1,100,Standard,Northeast,0,1774.32
10783,58,88.63,2,1,Standard,Midwest,0,1063.56
10784,2,66.21,1,115,Basic,South,1,794.52
10785,5,182.38,1,47,Standard,South,0,2188.56
10786,29,61.73,1,109,Basic,South,1,740.76
10787,37,138.14,4,13,Standard,Midwest,0,1657.68
10788,38,46.43,2,58,Basic,South,0,557.16
10789,19,136.21,2,96,Premium,Midwest,0,1634.52
10790,8,119.75,3,98,Basic,South,1,1437.0
10791,48,136.71,1,57,Basic,Northeast,0,1640.52
10792,45,45.24,1,102,Basic,West,1,542.88
10793,1,101.24,1,57,Basic,West,0,1214.88
10794,22,57.8,0,110,Basic,Midwest,1,693.6
10795,52,32.6,2,50,Standard,South,0,391.2
10796,17,55.11,1,83,Standard,West,0,661.32
10797,7,171.23,0,1,Basic,Northeast,0,2054.76
10798,25,170.99,0,114,Basic,Northeast,1,2051.88
10799,45,47.18,2,40,Standard,Northeast,0,566.16
10800,4,91.99,4,82,Standard,Midwest,1,1103.88
10801,36,115.03,3,100,Basic,Midwest,0,1380.36
10802,6,49.24,1,81,Premium,South,0,590.88
10803,31,121.1,3,15,Basic,Northeast,0,1453.2
10804,19,142.98,1,3,Standard,South,0,1715.76
10805,44,83.04,2,11,Basic,South,1,996.48
10806,54,59.57,0,28,Basic,Northeast,1,714.84
10807,39,83.56,1,6,Premium,South,0,1002.72
10808,27,37.37,2,13,Basic,West,0,448.44
10809,10,151.54,2,118,Standard,Midwest,0,1818.48
10810,26,76.53,3,11,Basic,South,0,918.36
10811,19,156.28,2,98,Standard,Northeast,0,1875.36
10812,39,98.1,3,4,Premium,Midwest,0,1177.2
10813,3,54.0,4,80,Basic,Midwest,1,648.0
10814,45,22.34,4,105,Premium,South,0,268.08
10815,13,87.97,3,31,Standard,West,0,1055.64
10816,50,76.1,3,73,Standard,South,0,913.2
10817,28,114.87,3,42,Standard,West,0,1378.44
10818,58,50.68,1,80,Premium,Midwest,1,608.16
10819,20,84.47,1,68,Basic,South,1,1013.64
10820,28,113.86,1,44,Basic,Northeast,0,1366.32
10821,8,114.19,1,105,Premium,South,1,1370.28
10822,41,170.95,1,8,Standard,West,0,2051.4
10823,39,163.5,3,48,Basic,West,0,1962.0
10824,1,97.09,0,32,Standard,South,0,1165.08
10825,3,93.01,0,99,Standard,West,0,1116.12
10826,13,113.18,1,99,Basic,Midwest,0,1358.16
10827,28,30.42,1,17,Basic,South,0,365.04
10828,57,38.27,2,8,Standard,West,0,459.24
10829,49,48.57,2,61,Basic,South,1,582.84
10830,25,89.95,3,56,Standard,South,0,1079.4
10831,56,70.77,1,28,Premium,Northeast,0,849.24
10832,33,56.28,0,113,Basic,South,0,675.36
10833,38,96.29,2,77,Basic,Northeast,1,1155.48
10834,53,284.3,1,24,Basic,West,0,3411.6
10835,6,29.55,1,14,Standard,Northeast,0,354.6
10836,58,72.45,0,5,Standard,Northeast,0,869.4
10837,44,149.67,2,119,Basic,Northeast,0,1796.04
10838,45,93.13,0,41,Standard,Midwest,0,1117.56
10839,32,41.82,1,28,Basic,Northeast,0,501.84
10840,45,100.09,0,78,Basic,South,0,1201.08
10841,47,166.2,1,92,Basic,Northeast,1,1994.4
10842,21,68.88,2,3,Basic,South,0,826.56
10843,16,121.45,2,81,Basic,Northeast,1,1457.4
10844,54,50.08,2,113,Basic,Midwest,1,600.96
10845,21,45.35,1,56,Premium,West,0,544.2
10846,11,62.3,6,48,Standard,Northeast,0,747.6
10847,37,115.22,1,43,Basic,Northeast,0,1382.64
10848,36,196.66,2,102,Basic,Midwest,0,2359.92
10849,35,188.61,0,79,Basic,Northeast,0,2263.32
10850,19,62.87,2,74,Basic,South,0,754.44
10851,20,95.34,2,13,Standard,Northeast,0,1144.08
10852,57,92.57,0,2,Basic,Northeast,0,1110.84
10853,18,126.66,0,114,Basic,West,0,1519.92
10854,47,26.95,2,113,Basic,West,0,323.4
10855,41,87.95,1,61,Basic,Northeast,1,1055.4
10856,49,29.34,1,105,Basic,Midwest,1,352.08
10857,14,219.12,2,63,Standard,West,0,2629.44
10858,15,173.6,3,101,Basic,Northeast,0,2083.2
10859,31,57.35,2,44,Standard,West,0,688.2
10860,1,234.35,0,105,Standard,Northeast,0,2812.2
10861,53,46.33,0,81,Premium,West,0,555.96
10862,54,99.7,1,57,Premium,West,0,1196.4
10863,54,91.3,1,19,Standard,South,0,1095.6
10864,3,40.08,4,57,Basic,Northeast,1,480.96
10865,16,145.93,2,111,Standard,Northeast,1,1751.16
10866,23,140.92,3,88,Standard,Northeast,0,1691.04
10867,57,134.87,0,56,Basic,Northeast,0,1618.44
10868,11,95.5,2,101,Standard,West,0,1146.0
10869,12,153.67,0,76,Premium,South,0,1844.04
10870,10,68.63,2,67,Standard,South,1,823.56
10871,32,149.29,1,118,Basic,Midwest,1,1791.48
10872,16,85.87,2,77,Basic,Northeast,0,1030.44
10873,8,75.64,3,96,Basic,Midwest,1,907.68
10874,38,115.87,0,91,Basic,West,1,1390.44
10875,12,116.95,1,51,Standard,Midwest,0,1403.4
10876,24,81.42,5,36,Standard,Northeast,0,977.04
10877,28,55.92,1,7,Basic,South,0,671.04
10878,53,116.08,0,43,Premium,South,0,1392.96
10879,8,28.44,0,97,Basic,Northeast,1,341.28
10880,58,61.49,2,107,Basic,West,1,737.88
10881,28,108.72,3,4,Standard,Northeast,0,1304.64
10882,36,46.41,0,117,Standard,West,0,556.92
10883,26,88.29,4,68,Standard,South,0,1059.48
10884,8,113.64,0,30,Premium,West,0,1363.68
10885,58,76.38,1,44,Standard,Northeast,0,916.56
10886,50,70.99,1,8,Premium,Northeast,0,851.88
10887,28,62.16,0,105,Basic,Northeast,0,745.92
10888,28,100.16,1,31,Standard,West,0,1201.92
10889,37,162.13,1,32,Premium,West,0,1945.56
10890,41,73.55,2,66,Standard,West,0,882.6
10891,36,40.12,2,29,Basic,South,0,481.44
10892,27,128.1,3,113,Standard,Midwest,0,1537.2
10893,54,112.51,0,75,Standard,Midwest,1,1350.12
10894,17,229.18,2,28,Basic,Northeast,0,2750.16
10895,9,136.68,3,2,Premium,South,0,1640.16
10896,33,59.63,1,89,Basic,West,1,715.56
10897,53,50.54,0,56,Basic,Northeast,0,606.48
10898,20,62.24,1,29,Premium,South,0,746.88
10899,13,188.24,1,8,Standard,Northeast,0,2258.88
10900,28,120.95,1,25,Basic,South,0,1451.4
10901,48,136.31,1,1,Standard,South,0,1635.72
10902,29,129.84,3,61,Standard,Midwest,0,1558.08
10903,13,143.8,1,2,Basic,Northeast,0,1725.6
10904,46,52.73,1,45,Premium,West,0,632.76
10905,35,83.79,2,67,Standard,Midwest,1,1005.48
10906,6,99.02,2,24,Standard,Midwest,0,1188.24
10907,18,139.21,2,50,Standard,West,0,1670.52
10908,51,99.11,2,12,Standard,South,0,1189.32
10909,5,123.69,2,102,Basic,West,0,1484.28
10910,47,83.78,2,43,Basic,Northeast,1,1005.36
10911,25,95.47,2,34,Standard,West,0,1145.64
10912,2,67.59,3,54,Premium,South,0,811.08
10913,10,56.96,1,86,Basic,West,1,683.52
10914,56,112.75,3,8,Standard,South,0,1353.0
10915,30,66.61,0,1,Premium,South,0,799.32
10916,50,57.39,1,60,Basic,Northeast,0,688.68
10917,59,73.4,0,117,Basic,West,1,880.8
10918,45,17.68,1,40,Basic,West,0,212.16
10919,5,90.23,0,43,Standard,Northeast,0,1082.76
10920,55,106.16,1,63,Basic,South,1,1273.92
10921,56,57.26,0,30,Basic,West,0,687.12
10922,33,78.63,1,107,Standard,Northeast,1,943.56
10923,54,108.25,1,46,Standard,South,0,1299.0
10924,1,57.36,5,1,Basic,Northeast,0,688.32
10925,18,177.61,0,95,Basic,West,0,2131.32
10926,32,158.44,2,81,Standard,Northeast,1,1901.28
10927,47,121.93,0,76,Premium,Midwest,0,1463.16
10928,49,127.8,2,109,Premium,South,0,1533.6
10929,11,84.02,1,68,Standard,Midwest,0,1008.24
10930,21,76.19,1,57,Basic,Midwest,0,914.28
10931,26,221.55,2,105,Basic,South,1,2658.6
10932,25,97.21,2,43,Basic,South,0,1166.52
10933,22,77.58,1,73,Basic,Northeast,1,930.96
10934,59,54.11,1,55,Standard,South,0,649.32
10935,27,96.6,4,42,Basic,Midwest,0,1159.2
10936,49,100.38,2,88,Basic,Midwest,0,1204.56
10937,13,95.66,4,33,Premium,West,0,1147.92
10938,33,126.97,1,100,Basic,South,0,1523.64
10939,34,79.1,1,29,Basic,Midwest,0,949.2
10940,41,177.23,0,70,Basic,West,1,2126.76
10941,35,67.74,1,69,Standard,West,0,812.88
10942,1,72.1,2,117,Standard,Northeast,1,865.2
10943,21,76.5,1,54,Basic,Midwest,0,918.0
10944,48,82.79,1,66,Standard,Northeast,1,993.48
10945,55,62.38,1,12,Standard,Midwest,0,748.56
10946,6,27.74,2,2,Premium,Northeast,0,332.88
10947,28,61.15,3,25,Premium,Northeast,0,733.8
10948,17,125.18,1,56,Premium,South,0,1502.16
10949,5,44.6,1,23,Standard,Northeast,0,535.2
10950,31,122.97,0,52,Basic,South,0,1475.64
10951,5,223.85,2,69,Basic,West,0,2686.2
10952,38,166.32,1,42,Basic,Midwest,0,1995.84
10953,3,100.54,1,59,Standard,West,0,1206.48
10954,53,70.88,3,57,Premium,Midwest,0,850.56
10955,23,73.92,1,48,Standard,West,0,887.04
10956,37,99.04,2,41,Basic,Midwest,0,1188.48
10957,53,125.59,1,75,Standard,Northeast,1,1507.08
10958,37,138.62,1,112,Premium,Midwest,1,1663.44
10959,10,205.42,1,99,Standard,Midwest,1,2465.04
10960,10,235.79,1,65,Premium,West,1,2829.48
10961,19,114.0,4,10,Premium,West,1,1368.0
10962,17,63.16,2,102,Premium,West,1,757.92
10963,21,125.24,1,97,Standard,South,0,1502.88
10964,14,47.29,2,89,Standard,South,0,567.48
10965,9,53.65,3,17,Basic,Midwest,0,643.8
10966,46,156.61,2,84,Basic,Midwest,0,1879.32
10967,1,118.74,1,99,Standard,Northeast,0,1424.88
10968,51,106.85,3,103,Basic,Northeast,0,1282.2
10969,45,203.15,3,51,Premium,Midwest,0,2437.8
10970,13,114.92,2,45,Basic,South,0,1379.04
10971,4,101.5,0,43,Premium,Midwest,1,1218.0
10972,1,86.93,2,21,Basic,Northeast,0,1043.16
10973,49,68.02,0,52,Basic,South,0,816.24
10974,40,115.25,0,58,Premium,South,0,1383.0
10975,32,84.77,2,93,Basic,Northeast,1,1017.24
10976,34,42.24,3,113,Basic,Midwest,1,506.88
10977,28,101.15,0,106,Basic,West,1,1213.8
10978,31,88.94,3,29,Standard,Midwest,0,1067.28
10979,8,156.64,0,7,Basic,Midwest,0,1879.68
10980,39,18.49,0,97,Standard,Northeast,0,221.88
10981,26,123.39,2,56,Standard,South,0,1480.68
10982,58,90.26,1,110,Standard,Northeast,1,1083.12
10983,34,36.72,0,72,Standard,Midwest,1,440.64
10984,54,97.59,1,114,Standard,West,1,1171.08
10985,54,69.53,2,19,Basic,West,0,834.36
10986,3,66.9,0,103,Premium,West,1,802.8
10987,59,119.75,3,24,Basic,Northeast,0,1437.0
10988,50,133.04,0,18,Standard,South,0,1596.48
10989,12,119.22,0,4,Basic,Northeast,1,1430.64
10990,1,85.96,0,74,Premium,West,1,1031.52
10991,54,112.6,2,78,Basic,Midwest,0,1351.2
10992,44,119.38,1,71,Basic,South,0,1432.56
10993,5,182.78,0,82,Standard,Northeast,1,2193.36
10994,30,81.51,4,86,Standard,Northeast,0,978.12
10995,30,107.11,3,26,Basic,South,0,1285.32
10996,59,151.99,1,39,Standard,South,0,1823.88
10997,57,141.51,1,95,Standard,Midwest,0,1698.12
10998,17,23.09,2,25,Premium,South,0,277.08
10999,48,70.16,1,26,Standard,Midwest,0,841.92
11000,47,115.98,5,61,Basic,West,0,1391.76
